Independent_Variable,Dependent_Variable,F_statistic,P_value,Significant,Effect_Size
WiFi_Speed_Score,Task_Abandonment_Score,22.452280490255152,1.3026991765373181e-06,True,0.528882788650401
WiFi_Speed_Score,Time_Lost_Score,8.025928108426637,0.001048607246985188,True,0.28637510513036163
Reliability_Score,Task_Abandonment_Score,1.3830739625167334,0.2727314600529758,False,0.061791064303002546
Reliability_Score,Time_Lost_Score,2.7626246381473147,0.08607521538620355,False,0.11625923820352474
Peak_Performance_Score,Task_Abandonment_Score,3.9002033742946356,0.024099976609350204,True,0.16318703708142576
Peak_Performance_Score,Time_Lost_Score,6.6554715924993015,0.002688396443805977,True,0.24968500629987403
Outage_Frequency_Score,Task_Abandonment_Score,2.6473108747044916,0.06543671193456325,False,0.12229282842692257
Outage_Frequency_Score,Time_Lost_Score,1.899130832570906,0.1520878519074148,False,0.09087128301102101
